agent,N,wall_ms_mean
satisficer,100,0.0053706435185185185
satisficer,200,0.010421309027777778
satisficer,500,0.031227194444444443
