N,agent,mode,tau,K,w_hat_mean,wall_ms_mean,offers_seen_mean,solver_calls_mean,seeds,w_hat_lo,w_hat_hi
100,optimizer,,,,0.3703195097222222,0.0017508541666666666,0.0,0.2944097222222222,5,0.35584702951388886,0.3827462305555555
200,optimizer,,,,0.3845434743055555,0.0027064930555555553,0.0,0.2995902777777778,5,0.37533260625000003,0.39238579791666667
500,optimizer,,,,0.39507923680555557,0.0027571125,0.0,0.3009805555555556,5,0.38394401319444443,0.40329696322916664
