agent,N,wall_ms_mean
optimizer,100,0.0017508541666666666
optimizer,200,0.0027064930555555553
optimizer,500,0.0027571125
