agent,N,wall_ms_mean
satisficer,100,0.005337282407407408
satisficer,200,0.010335085648148149
satisficer,500,0.02450217962962963
