agent,N,wall_ms_mean
satisficer,100,0.001847375
satisficer,200,0.002607127314814815
satisficer,500,0.0031559592592592593
