agent,N,wall_ms_mean
satisficer,50,0.050914979166666666
satisficer,100,0.10227631597222223
satisficer,200,0.19995619184027777
satisficer,500,0.6069530416666667
