N,agent,mode,tau,K,w_hat_mean,wall_ms_mean,offers_seen_mean,solver_calls_mean,seeds,w_hat_lo,w_hat_hi
50,optimizer,,,,0.5503508395833334,0.09378033333333333,0.0,826.5853611111112,5,0.5225554188541668,0.5682449173611112
100,optimizer,,,,0.5772382166666665,0.18822167361111114,0.0,1605.094263888889,5,0.5439520149999999,0.6077534909722221
200,optimizer,,,,0.6070914895833333,0.39379039583333336,0.0,3252.09684375,5,0.5929026930555555,0.6212291652777778
500,optimizer,,,,0.6158415722222222,1.181425515277778,0.0,8234.512483333334,5,0.6081194951388889,0.6249961534722221
