agent,N,wall_ms_mean
optimizer,50,0.09378033333333333
optimizer,100,0.18822167361111114
optimizer,200,0.39379039583333336
optimizer,500,1.181425515277778
