agent,N,wall_ms_mean
optimizer,100,0.17710074305555557
optimizer,200,0.3717163576388889
optimizer,500,0.9614573055555556
