N,agent,mode,tau,K,w_hat_mean,wall_ms_mean,offers_seen_mean,solver_calls_mean,seeds,w_hat_lo,w_hat_hi
50,satisficer,k_search,,1,0.14975945555555556,0.003372541666666667,0.29531944444444447,0.0,5,0.1385055034722222,0.1604814125
100,satisficer,k_search,,5,0.17018742916666668,0.0065162499999999995,1.4655208333333334,0.0,5,0.15962490555555556,0.18121045069444444
200,satisficer,k_search,,1,0.19715037500000002,0.013001364583333333,0.2995902777777778,0.0,5,0.18494842499999997,0.209352325
500,satisficer,k_search,,5,0.21590618819444446,0.027544591666666667,1.5005972222222221,0.0,5,0.2070117277777778,0.22480064861111115
