agent,N,wall_ms_mean
satisficer,50,0.0035569907407407408
satisficer,100,0.006550631944444445
satisficer,200,0.013126281250000002
satisficer,500,0.027575180092592595
