N,agent,mode,tau,K,w_hat_mean,wall_ms_mean,offers_seen_mean,solver_calls_mean,seeds,w_hat_lo,w_hat_hi
50,satisficer,k_greedy,,3,0.48872660833333337,0.0028255833333333336,0.8694444444444445,0.0,5,0.4537303111111111,0.5262389380902777
50,satisficer,k_greedy,,5,0.5568948548611111,0.002901736111111111,1.1845277777777778,0.0,5,0.5086108095312499,0.5877447027777777
100,satisficer,k_greedy,,5,0.567360629861111,0.005188131944444444,1.2108124999999998,0.0,5,0.5189631527083333,0.5995837673611112
200,satisficer,k_greedy,,5,0.611732070138889,0.009676180555555556,1.2938506944444446,0.0,5,0.5839043659722222,0.6343230722222223
500,satisficer,k_greedy,,5,0.6324209840277778,0.021512244444444446,1.3202125,0.0,5,0.6209941555555556,0.6421051993055554
