agent,N,wall_ms_mean
satisficer,50,0.0030606574074074073
satisficer,100,0.005539381944444445
satisficer,200,0.01055537962962963
satisficer,500,0.023117992592592593
